USE seven_and_half;

INSERT INTO player
VALUES  ('11115555A', 'Mario', True, 2),
		('22226666B', 'Ruben', True, 1),
        ('33337777C', 'BotLine', False, 3),
        ('44448888D', 'TopLane', False, 2);

INSERT INTO deck
VALUES  ('ESP48', 'Baraja Española de 48 cartas'),
		('ESP40', 'Baraja Española de 40 cartas'),
        ('POK', 'Standard Poker Deck');

INSERT INTO card(id, suit)
VALUES  ('O01', 'Oros'), ('O02', 'Oros'), ('O03', 'Oros'), ('O04', 'Oros'), ('O05', 'Oros'), ('O06', 'Oros'),
        ('O07', 'Oros'), ('O08', 'Oros'), ('O09', 'Oros'), ('O10', 'Oros'), ('O11', 'Oros'), ('O12', 'Oros'),
        ('C01', 'Copas'), ('C02', 'Copas'), ('C03', 'Copas'), ('C04', 'Copas'), ('C05', 'Copas'), ('C06', 'Copas'),
        ('C07', 'Copas'), ('C08', 'Copas'), ('C09', 'Copas'), ('C10', 'Copas'), ('C11', 'Copas'), ('C12', 'Copas'),
        ('E01', 'Espadas'), ('E02', 'Espadas'), ('E03', 'Espadas'), ('E04', 'Espadas'), ('E05', 'Espadas'), ('E06', 'Espadas'),
        ('E07', 'Espadas'), ('E08', 'Espadas'), ('E09', 'Espadas'), ('E10', 'Espadas'), ('E11', 'Espadas'), ('E12', 'Espadas'),
        ('B01', 'Bastos'), ('B02', 'Bastos'), ('B03', 'Bastos'), ('B04', 'Bastos'), ('B05', 'Bastos'), ('B06', 'Bastos'),
        ('B07', 'Bastos'), ('B08', 'Bastos'), ('B09', 'Bastos'), ('B10', 'Bastos'), ('B11', 'Bastos'), ('B12', 'Bastos'),
        
        ('D01', 'Diamonds'), ('D02', 'Diamonds'), ('D03', 'Diamonds'), ('D04', 'Diamonds'), ('D05', 'Diamonds'), ('D06', 'Diamonds'), ('D07', 'Diamonds'), 
        ('D08', 'Diamonds'), ('D09', 'Diamonds'), ('D10', 'Diamonds'), ('D11', 'Diamonds'), ('D12', 'Diamonds'), ('D13', 'Diamonds'),
        ('H01', 'Hearts'), ('H02', 'Hearts'), ('H03', 'Hearts'), ('H04', 'Hearts'), ('H05', 'Hearts'), ('H06', 'Hearts'), ('H07', 'Hearts'), 
        ('H08', 'Hearts'), ('H09', 'Hearts'), ('H10', 'Hearts'), ('H11', 'Hearts'), ('H12', 'Hearts'), ('H13', 'Hearts'), 
        ('S01', 'Spades'), ('S02', 'Spades'), ('S03', 'Spades'), ('S04', 'Spades'), ('S05', 'Spades'), ('S06', 'Spades'), ('S07', 'Spades'),
        ('S08', 'Spades'), ('S09', 'Spades'), ('S10', 'Spades'), ('S11', 'Spades'), ('S12', 'Spades'), ('S13', 'Spades'),
        ('T01', 'Clubs'), ('T02', 'Clubs'), ('T03', 'Clubs'), ('T04', 'Clubs'), ('T05', 'Clubs'), ('T06', 'Clubs'), ('T07', 'Clubs'),
        ('T08', 'Clubs'), ('T09', 'Clubs'), ('T10', 'Clubs'), ('T11', 'Clubs'), ('T12', 'Clubs'), ('T13', 'Clubs');

INSERT INTO deck_card
VALUES  ('O01', 'ESP48'), ('O02', 'ESP48'), ('O03', 'ESP48'), ('O04', 'ESP48'), ('O05', 'ESP48'), ('O06', 'ESP48'),
        ('O07', 'ESP48'), ('O08', 'ESP48'), ('O09', 'ESP48'), ('O10', 'ESP48'), ('O11', 'ESP48'), ('O12', 'ESP48'),
        ('C01', 'ESP48'), ('C02', 'ESP48'), ('C03', 'ESP48'), ('C04', 'ESP48'), ('C05', 'ESP48'), ('C06', 'ESP48'),
        ('C07', 'ESP48'), ('C08', 'ESP48'), ('C09', 'ESP48'), ('C10', 'ESP48'), ('C11', 'ESP48'), ('C12', 'ESP48'),
        ('E01', 'ESP48'), ('E02', 'ESP48'), ('E03', 'ESP48'), ('E04', 'ESP48'), ('E05', 'ESP48'), ('E06', 'ESP48'),
        ('E07', 'ESP48'), ('E08', 'ESP48'), ('E09', 'ESP48'), ('E10', 'ESP48'), ('E11', 'ESP48'), ('E12', 'ESP48'),
        ('B01', 'ESP48'), ('B02', 'ESP48'), ('B03', 'ESP48'), ('B04', 'ESP48'), ('B05', 'ESP48'), ('B06', 'ESP48'),
        ('B07', 'ESP48'), ('B08', 'ESP48'), ('B09', 'ESP48'), ('B10', 'ESP48'), ('B11', 'ESP48'), ('B12', 'ESP48'),
        
        ('O01', 'ESP40'), ('O02', 'ESP40'), ('O03', 'ESP40'), ('O04', 'ESP40'), ('O05', 'ESP40'), ('O06', 'ESP40'),
        ('O07', 'ESP40'), ('O08', 'ESP40'), ('O09', 'ESP40'), ('O10', 'ESP40'), ('O11', 'ESP40'), ('O12', 'ESP40'),
        ('C01', 'ESP40'), ('C02', 'ESP40'), ('C03', 'ESP40'), ('C04', 'ESP40'), ('C05', 'ESP40'), ('C06', 'ESP40'),
        ('C07', 'ESP40'), ('C08', 'ESP40'), ('C09', 'ESP40'), ('C10', 'ESP40'), ('C11', 'ESP40'), ('C12', 'ESP40'),
        ('E01', 'ESP40'), ('E02', 'ESP40'), ('E03', 'ESP40'), ('E04', 'ESP40'), ('E05', 'ESP40'), ('E06', 'ESP40'),
        ('E07', 'ESP40'), ('E08', 'ESP40'), ('E09', 'ESP40'), ('E10', 'ESP40'), ('E11', 'ESP40'), ('E12', 'ESP40'),
        ('B01', 'ESP40'), ('B02', 'ESP40'), ('B03', 'ESP40'), ('B04', 'ESP40'), ('B05', 'ESP40'), ('B06', 'ESP40'),
        ('B07', 'ESP40'), ('B08', 'ESP40'), ('B09', 'ESP40'), ('B10', 'ESP40'), ('B11', 'ESP40'), ('B12', 'ESP40'),
        
        ('D01', 'POK'), ('D02', 'POK'), ('D03', 'POK'), ('D04', 'POK'), ('D05', 'POK'), ('D06', 'POK'), ('D07', 'POK'), 
        ('D08', 'POK'), ('D09', 'POK'), ('D10', 'POK'), ('D11', 'POK'), ('D12', 'POK'), ('D13', 'POK'), 
        ('H01', 'POK'), ('H02', 'POK'), ('H03', 'POK'), ('H04', 'POK'), ('H05', 'POK'), ('H06', 'POK'), ('H07', 'POK'), 
        ('H08', 'POK'), ('H09', 'POK'), ('H10', 'POK'), ('H11', 'POK'), ('H12', 'POK'), ('H13', 'POK'), 
        ('S01', 'POK'), ('S02', 'POK'), ('S03', 'POK'), ('S04', 'POK'), ('S05', 'POK'), ('S06', 'POK'), ('S07', 'POK'), 
        ('S08', 'POK'), ('S09', 'POK'), ('S10', 'POK'), ('S11', 'POK'), ('S12', 'POK'), ('S13', 'POK'), 
        ('T01', 'POK'), ('T02', 'POK'), ('T03', 'POK'), ('T04', 'POK'), ('T05', 'POK'), ('T06', 'POK'), ('T07', 'POK'), 
        ('T08', 'POK'), ('T09', 'POK'), ('T10', 'POK'), ('T11', 'POK'), ('T12', 'POK'), ('T13', 'POK');

INSERT INTO cardgame
VALUES  (1, 4, '2024-12-15 13:37:55', 5, '2024-12-15 13:44:35', 'ESP40'),
		(2, 3, '2024-12-20 09:15:30', 6, '2024-12-20 09:25:00', 'ESP48'),
        (3, 3, '2024-12-27 16:52:23', 8, '2024-12-27 17:05:23', 'ESP48'),
        (4, 3, '2024-12-29 17:34:09', 7, '2024-12-29 17:44:59', 'POK'),
        (5, 3, '2025-01-06 11:56:06', 3, '2025-01-06 12:01:16', 'ESP40');

INSERT INTO player_game
VALUES  (1, '11115555A', 'O10', 20, 6), (1, '22226666B', 'B03', 20, 6), (1, '33337777C', 'C03', 20, 31), (1, '44448888D', 'E09', 20, 37),
		(2, '11115555A', 'B06', 20, 12), (2, '22226666B', 'B08', 20, 23), (2, '33337777C', 'C07', 20, 25),
        (3, '11115555A', 'O06', 20, 17), (3, '22226666B', 'C05', 20, 33), (3, '44448888D', 'E08', 20, 10),
        (4, '11115555A', 'D05', 20, 24), (4, '33337777C', 'H03', 20, 0), (4, '44448888D', 'H10', 20, 36),
        (5, '22226666B', 'C10', 20, 8), (5, '33337777C', 'B08', 20, 40), (5, '44448888D', 'C01', 20, 12);

/*
Partida 1: 5 Rondas
Partida 2: 6 Rondas
Partida 3: 8 Rondas
Partida 4: 7 Rondas
Partida 5: 3 Rondas
*/

INSERT INTO player_game_round
VALUES  (1, 1, '11115555A', False, 5, 20, 15), (1, 1, '22226666B', False, 3, 20, 17), (1, 1, '33337777C', False, 8, 20, 28), (1, 1, '44448888D', True, NULL, 20, 20),
		(1, 2, '11115555A', False, 4, 15, 19), (1, 2, '22226666B', False, 6, 17, 11), (1, 2, '33337777C', True, NULL, 28, 35), (1, 2, '44448888D', False, 5, 20, 15),
        (1, 3, '11115555A', True, NULL, 19, 16), (1, 3, '22226666B', False, 4, 11, 15), (1, 3, '33337777C', False, 9, 35, 26), (1, 3, '44448888D', False, 8, 15, 23),
        (1, 4, '11115555A', False, 7, 16, 9), (1, 4, '22226666B', False, 3, 15, 12), (1, 4, '33337777C', False, 5, 26, 21), (1, 4, '44448888D', True, NULL, 23, 38),
        (1, 5, '11115555A', False, 3, 9, 6), (1, 5, '22226666B', False, 6, 12, 6), (1, 5, '33337777C', False, 10, 21, 31), (1, 5, '44448888D', True, NULL, 38, 37),
        
        (2, 1, '11115555A', False, 7, 20, 13), (2, 1, '22226666B', False, 3, 20, 23), (2, 1, '33337777C', True, NULL, 20, 24),
        (2, 2, '11115555A', False, 3, 13, 10), (2, 2, '22226666B', True, NULL, 23, 35), (2, 2, '33337777C', False, 9, 24, 15),
        (2, 3, '11115555A', False, 4, 10, 6), (2, 3, '22226666B', True, NULL, 35, 34), (2, 3, '33337777C', False, 5, 15, 20),
        (2, 4, '11115555A', False, 3, 6, 3), (2, 4, '22226666B', False, 2, 34, 32), (2, 4, '33337777C', True, NULL, 20, 25),
        (2, 5, '11115555A', False, 2, 3, 5), (2, 5, '22226666B', False, 6, 32, 26), (2, 5, '33337777C', True, NULL, 25, 29),
        (2, 6, '11115555A', True, NULL, 5, 12), (2, 6, '22226666B', False, 3, 26, 23), (2, 6, '33337777C', False, 4, 29, 25),
        
        (3, 1, '11115555A', False, 5, 20, 25), (3, 1, '22226666B', True, NULL, 20, 18), (3, 1, '44448888D', False, 3, 20, 17),
        (3, 2, '11115555A', True, NULL, 25, 24), (3, 2, '22226666B', False, 4, 18, 14), (3, 2, '44448888D', False, 5, 17, 22),
        (3, 3, '11115555A', False, 5, 24, 19), (3, 3, '22226666B', False, 3, 14, 11), (3, 3, '44448888D', True, NULL, 22, 30),
        (3, 4, '11115555A', False, 7, 19, 12), (3, 4, '22226666B', False, 2, 11, 13), (3, 4, '44448888D', True, NULL, 30, 35),
        (3, 5, '11115555A', False, 6, 12, 6), (3, 5, '22226666B', True, NULL, 13, 23), (3, 5, '44448888D', False, 4, 35, 31),
        (3, 6, '11115555A', False, 4, 6, 2), (3, 6, '22226666B', True, NULL, 23, 35), (3, 6, '44448888D', False, 8, 31, 23),
        (3, 7, '11115555A', False, 2, 2, 4), (3, 7, '22226666B', True, NULL, 35, 38), (3, 7, '44448888D', False, 5, 23, 18),
        (3, 8, '11115555A', True, NULL, 4, 17), (3, 8, '22226666B', False, 5, 38, 33), (3, 8, '44448888D', False, 8, 18, 10),
        
        (4, 1, '11115555A', True, NULL, 20, 25), (4, 1, '33337777C', False, 8, 20, 12), (4, 1, '44448888D', False, 3, 20, 23),
        (4, 2, '11115555A', False, 7, 25, 18), (4, 2, '33337777C', False, 7, 12, 19), (4, 2, '44448888D', True, NULL, 23, 23),
        (4, 3, '11115555A', False, 4, 18, 22), (4, 3, '33337777C', True, NULL, 19, 21), (4, 3, '44448888D', False, 6, 23, 17),
        (4, 4, '11115555A', True, NULL, 22, 25), (4, 4, '33337777C', False, 6, 21, 15), (4, 4, '44448888D', False, 3, 17, 20),
        (4, 5, '11115555A', False, 5, 25, 20), (4, 5, '33337777C', False, 9, 15, 6), (4, 5, '44448888D', True, NULL, 20, 34),
        (4, 6, '11115555A', False, 3, 20, 17), (4, 6, '33337777C', False, 5, 6, 1), (4, 6, '44448888D', True, NULL, 34, 42),
        (4, 7, '11115555A', False, 7, 17, 24), (4, 7, '33337777C', False, 1, 1, 0), (4, 7, '44448888D', True, NULL, 42, 36),
        
        (5, 1, '22226666B', False, 5, 20, 15), (5, 1, '33337777C', False, 6, 20, 26), (5, 1, '44448888D', True, NULL, 20, 19),
		(5, 2, '22226666B', False, 2, 15, 13), (5, 2, '33337777C', True, NULL, 26, 32), (5, 2, '44448888D', False, 4, 19, 15),
		(5, 3, '22226666B', False, 5, 13, 8), (5, 3, '33337777C', True, NULL, 32, 40), (5, 3, '44448888D', False, 3, 15, 12);