USE seven_and_half;

INSERT INTO player
VALUES  ('11115555A', 'Mario', True, 2),
		('22226666B', 'Ruben', True, 1),
        ('33337777C', 'BotLine', False, 3),
        ('44448888D', 'TopLane', False, 2);

INSERT INTO deck
VALUES  ('ESP48', 'Baraja Española de 48 cartas'),
		('ESP40', 'Baraja Española de 40 cartas'),
        ('POK', 'Standard Poker Deck');

INSERT INTO card
VALUES  ('ESP48', 'Oros', 1, 1), ('ESP48', 'Oros', 2, 2), ('ESP48', 'Oros', 3, 3), ('ESP48', 'Oros', 4, 4),
        ('ESP48', 'Oros', 5, 5), ('ESP48', 'Oros', 6, 6), ('ESP48', 'Oros', 7, 7), ('ESP48', 'Oros', 8, 0.5),
        ('ESP48', 'Oros', 9, 0.5), ('ESP48', 'Oros', 10, 0.5), ('ESP48', 'Oros', 11, 0.5), ('ESP48', 'Oros', 12, 0.5),
        ('ESP48', 'Copas', 1, 1), ('ESP48', 'Copas', 2, 2), ('ESP48', 'Copas', 3, 3), ('ESP48', 'Copas', 4, 4),
        ('ESP48', 'Copas', 5, 5), ('ESP48', 'Copas', 6, 6), ('ESP48', 'Copas', 7, 7), ('ESP48', 'Copas', 8, 0.5),
        ('ESP48', 'Copas', 9, 0.5), ('ESP48', 'Copas', 10, 0.5), ('ESP48', 'Copas', 11, 0.5), ('ESP48', 'Copas', 12, 0.5),
        ('ESP48', 'Espadas', 1, 1), ('ESP48', 'Espadas', 2, 2), ('ESP48', 'Espadas', 3, 3), ('ESP48', 'Espadas', 4, 4),
        ('ESP48', 'Espadas', 5, 5), ('ESP48', 'Espadas', 6, 6), ('ESP48', 'Espadas', 7, 7), ('ESP48', 'Espadas', 8, 0.5),
        ('ESP48', 'Espadas', 9, 0.5), ('ESP48', 'Espadas', 10, 0.5), ('ESP48', 'Espadas', 11, 0.5), ('ESP48', 'Espadas', 12, 0.5),
        ('ESP48', 'Bastos', 1, 1), ('ESP48', 'Bastos', 2, 2), ('ESP48', 'Bastos', 3, 3), ('ESP48', 'Bastos', 4, 4),
        ('ESP48', 'Bastos', 5, 5), ('ESP48', 'Bastos', 6, 6), ('ESP48', 'Bastos', 7, 7), ('ESP48', 'Bastos', 8, 0.5),
        ('ESP48', 'Bastos', 9, 0.5), ('ESP48', 'Bastos', 10, 0.5), ('ESP48', 'Bastos', 11, 0.5), ('ESP48', 'Bastos', 12, 0.5),
        
        ('ESP40', 'Oros', 1, 1), ('ESP40', 'Oros', 2, 2), ('ESP40', 'Oros', 3, 3), ('ESP40', 'Oros', 4, 4),
        ('ESP40', 'Oros', 5, 5), ('ESP40', 'Oros', 6, 6), ('ESP40', 'Oros', 7, 7), 
        ('ESP40', 'Oros', 10, 0.5), ('ESP40', 'Oros', 11, 0.5), ('ESP40', 'Oros', 12, 0.5),
        ('ESP40', 'Copas', 1, 1), ('ESP40', 'Copas', 2, 2), ('ESP40', 'Copas', 3, 3), ('ESP40', 'Copas', 4, 4),
        ('ESP40', 'Copas', 5, 5), ('ESP40', 'Copas', 6, 6), ('ESP40', 'Copas', 7, 7),
        ('ESP40', 'Copas', 10, 0.5), ('ESP40', 'Copas', 11, 0.5), ('ESP40', 'Copas', 12, 0.5),
        ('ESP40', 'Espadas', 1, 1), ('ESP40', 'Espadas', 2, 2), ('ESP40', 'Espadas', 3, 3), ('ESP40', 'Espadas', 4, 4),
        ('ESP40', 'Espadas', 5, 5), ('ESP40', 'Espadas', 6, 6), ('ESP40', 'Espadas', 7, 7),
        ('ESP40', 'Espadas', 10, 0.5), ('ESP40', 'Espadas', 11, 0.5), ('ESP40', 'Espadas', 12, 0.5),
        ('ESP40', 'Bastos', 1, 1), ('ESP40', 'Bastos', 2, 2), ('ESP40', 'Bastos', 3, 3), ('ESP40', 'Bastos', 4, 4),
        ('ESP40', 'Bastos', 5, 5), ('ESP40', 'Bastos', 6, 6), ('ESP40', 'Bastos', 7, 7),
		('ESP40', 'Bastos', 10, 0.5), ('ESP40', 'Bastos', 11, 0.5), ('ESP40', 'Bastos', 12, 0.5),
        
        ('POK', 'Diamonds', 1, 1), ('POK', 'Diamonds', 2, 2), ('POK', 'Diamonds', 3, 3), ('POK', 'Diamonds', 4, 4),
        ('POK', 'Diamonds', 5, 5), ('POK', 'Diamonds', 6, 6), ('POK', 'Diamonds', 7, 7),
        ('POK', 'Diamonds', 8, 0.5), ('POK', 'Diamonds', 9, 0.5), ('POK', 'Diamonds', 10, 0.5),
        ('POK', 'Diamonds', 11, 0.5), ('POK', 'Diamonds', 12, 0.5), ('POK', 'Diamonds', 13, 0.5),
        ('POK', 'Hearts', 1, 1), ('POK', 'Hearts', 2, 2), ('POK', 'Hearts', 3, 3), ('POK', 'Hearts', 4, 4),
        ('POK', 'Hearts', 5, 5), ('POK', 'Hearts', 6, 6), ('POK', 'Hearts', 7, 7), 
        ('POK', 'Hearts', 8, 0.5), ('POK', 'Hearts', 9, 0.5), ('POK', 'Hearts', 10, 0.5), 
        ('POK', 'Hearts', 11, 0.5), ('POK', 'Hearts', 12, 0.5), ('POK', 'Hearts', 13, 0.5),
        ('POK', 'Spades', 1, 1), ('POK', 'Spades', 2, 2), ('POK', 'Spades', 3, 3), ('POK', 'Spades', 4, 4),
        ('POK', 'Spades', 5, 5), ('POK', 'Spades', 6, 6), ('POK', 'Spades', 7, 7),
        ('POK', 'Spades', 8, 0.5), ('POK', 'Spades', 9, 0.5), ('POK', 'Spades', 10, 0.5), 
        ('POK', 'Spades', 11, 0.5), ('POK', 'Spades', 12, 0.5), ('POK', 'Spades', 13, 0.5),
        ('POK', 'Clubs', 1, 1), ('POK', 'Clubs', 2, 2), ('POK', 'Clubs', 3, 3), ('POK', 'Clubs', 4, 4),
        ('POK', 'Clubs', 5, 5), ('POK', 'Clubs', 6, 6), ('POK', 'Clubs', 7, 7), 
        ('POK', 'Clubs', 8, 0.5), ('POK', 'Clubs', 9, 0.5), ('POK', 'Clubs', 10, 0.5), 
        ('POK', 'Clubs', 11, 0.5), ('POK', 'Clubs', 12, 0.5), ('POK', 'Clubs', 13, 0.5);

INSERT INTO game
VALUES  (1, '2024-12-15 13:37:55', '2024-12-15 13:44:35', 'ESP40'),
		(2, '2024-12-20 09:15:30', '2024-12-20 09:25:00', 'ESP48'),
        (3, '2024-12-27 16:52:23', '2024-12-27 17:05:23', 'ESP48'),
        (4, '2024-12-29 17:34:09', '2024-12-29 17:44:59', 'POK'),
        (5, '2025-01-06 11:56:06', '2025-01-06 12:01:16', 'ESP40');

INSERT INTO player_game
VALUES  (1, '11115555A'), (1, '22226666B'), (1, '33337777C'), (1, '44448888D'),
		(2, '11115555A'), (2, '22226666B'), (2, '33337777C'),
        (3, '11115555A'), (3, '22226666B'), (3, '44448888D'),
        (4, '11115555A'), (4, '33337777C'), (4, '44448888D'),
        (5, '22226666B'), (5, '33337777C'), (5, '44448888D');

/*
Partida 1: 5 Rondas
Partida 2: 6 Rondas
Partida 3: 8 Rondas
Partida 4: 7 Rondas
Partida 5: 3 Rondas
*/

INSERT INTO player_game_round
VALUES  (1, 1, '11115555A', 20, 15, 5), (1, 1, '22226666B', 20, 17, 3), (1, 1, '33337777C', 20, 28, 8), (1, 1, '44448888D', 20, 20, NULL),
		(1, 2, '11115555A', 15, 19, 4), (1, 2, '22226666B', 17, 11, 6), (1, 2, '33337777C', 28, 35, NULL), (1, 2, '44448888D', 20, 15, 5),
        (1, 3, '11115555A', 19, 16, NULL), (1, 3, '22226666B', 11, 15, 4), (1, 3, '33337777C', 35, 26, 9), (1, 3, '44448888D', 15, 23, 8),
        (1, 4, '11115555A', 16, 9, 7), (1, 4, '22226666B', 15, 12, 3), (1, 4, '33337777C', 26, 21, 5), (1, 4, '44448888D', 23, 38, NULL),
        (1, 5, '11115555A', 9, 6, 3), (1, 5, '22226666B', 12, 6, 6), (1, 5, '33337777C', 21, 31, 10), (1, 5, '44448888D', 38, 37, NULL),
        
        (2, 1, '11115555A', 20, 13, 7), (2, 1, '22226666B', 20, 23, 3), (2, 1, '33337777C', 20, 24, NULL),
        (2, 2, '11115555A', 13, 10, 3), (2, 2, '22226666B', 23, 35, NULL), (2, 2, '33337777C', 24, 15, 9),
        (2, 3, '11115555A', 10, 6, 4), (2, 3, '22226666B', 35, 34, NULL), (2, 3, '33337777C', 15, 20, 5),
        (2, 4, '11115555A', 6, 3, 3), (2, 4, '22226666B', 34, 32, 2), (2, 4, '33337777C', 20, 25, NULL),
        (2, 5, '11115555A', 3, 5, 2), (2, 5, '22226666B', 32, 26, 6), (2, 5, '33337777C', 25, 29, NULL),
        (2, 6, '11115555A', 5, 12, NULL), (2, 6, '22226666B', 26, 23, 3), (2, 6, '33337777C', 29, 25, 4),
        
        (3, 1, '11115555A', 20, 25, 5), (3, 1, '22226666B', 20, 18, NULL), (3, 1, '44448888D', 20, 17, 3),
        (3, 2, '11115555A', 25, 24, NULL), (3, 2, '22226666B', 18, 14, 4), (3, 2, '44448888D', 17, 22, 5),
        (3, 3, '11115555A', 24, 19, 5), (3, 3, '22226666B', 14, 11, 3), (3, 3, '44448888D', 22, 30, NULL),
        (3, 4, '11115555A', 19, 12, 7), (3, 4, '22226666B', 11, 13, 2), (3, 4, '44448888D', 30, 35, NULL),
        (3, 5, '11115555A', 12, 6, 6), (3, 5, '22226666B', 13, 23, NULL), (3, 5, '44448888D', 35, 31, 4),
        (3, 6, '11115555A', 6, 2, 4), (3, 6, '22226666B', 23, 35, NULL), (3, 6, '44448888D', 31, 23, 8),
        (3, 7, '11115555A', 2, 4, 2), (3, 7, '22226666B', 35, 38, NULL), (3, 7, '44448888D', 23, 18, 5),
        (3, 8, '11115555A', 4, 17, NULL), (3, 8, '22226666B', 38, 33, 5), (3, 8, '44448888D', 18, 10, 8),
        
        (4, 1, '11115555A', 20, 25, NULL), (4, 1, '33337777C', 20, 12, 8), (4, 1, '44448888D', 20, 23, 3),
        (4, 2, '11115555A', 25, 18, 7), (4, 2, '33337777C', 12, 19, 7), (4, 2, '44448888D', 23, 23, NULL),
        (4, 3, '11115555A', 18, 22, 4), (4, 3, '33337777C', 19, 21, NULL), (4, 3, '44448888D', 23, 17, 6),
        (4, 4, '11115555A', 22, 25, NULL), (4, 4, '33337777C', 21, 15, 6), (4, 4, '44448888D', 17, 20, 3),
        (4, 5, '11115555A', 25, 20, 5), (4, 5, '33337777C', 15, 6, 9), (4, 5, '44448888D', 20, 34, NULL),
        (4, 6, '11115555A', 20, 17, 3), (4, 6, '33337777C', 6, 1, 5), (4, 6, '44448888D', 34, 42, NULL),
        (4, 7, '11115555A', 17, 24, 7), (4, 7, '33337777C', 1, 0, 1), (4, 7, '44448888D', 42, 36, NULL),
        
        (5, 1, '22226666B', 20, 15, 5), (5, 1, '33337777C', 20, 26, 6), (5, 1, '44448888D', 20, 19, NULL),
		(5, 2, '22226666B', 15, 13, 2), (5, 2, '33337777C', 26, 32, NULL), (5, 2, '44448888D', 19, 15, 4),
		(5, 3, '22226666B', 13, 8, 5), (5, 3, '33337777C', 32, 40, NULL), (5, 3, '44448888D', 15, 12, 3);