USE seven_and_half;

INSERT INTO player
VALUES  ('11115555A', 'Mario', True, 2),
		('22226666B', 'Ruben', True, 1),
        ('33337777C', 'BotLine', False, 3),
        ('44448888D', 'TopLane', False, 2);

INSERT INTO deck
VALUES  ('ESP48', 'Baraja Española de 48 cartas'),
		('ESP40', 'Baraja Española de 40 cartas'),
        ('POK', 'Standard Poker Deck');

INSERT INTO card
VALUES  ('Oros', 1, 1, 'ESP48'), ('Oros', 2, 2, 'ESP48'), ('Oros', 3, 3, 'ESP48'), ('Oros', 4, 4, 'ESP48'),
        ('Oros', 5, 5, 'ESP48'), ('Oros', 6, 6, 'ESP48'), ('Oros', 7, 7, 'ESP48'), ('Oros', 8, 0.5, 'ESP48'),
        ('Oros', 9, 0.5, 'ESP48'), ('Oros', 10, 0.5, 'ESP48'), ('Oros', 11, 0.5, 'ESP48'), ('Oros', 12, 0.5, 'ESP48'),
        ('Copas', 1, 1, 'ESP48'), ('Copas', 2, 2, 'ESP48'), ('Copas', 3, 3, 'ESP48'), ('Copas', 4, 4, 'ESP48'),
        ('Copas', 5, 5, 'ESP48'), ('Copas', 6, 6, 'ESP48'), ('Copas', 7, 7, 'ESP48'), ('Copas', 8, 0.5, 'ESP48'),
        ('Copas', 9, 0.5, 'ESP48'), ('Copas', 10, 0.5, 'ESP48'), ('Copas', 11, 0.5, 'ESP48'), ('Copas', 12, 0.5, 'ESP48'),
        ('Espadas', 1, 1, 'ESP48'), ('Espadas', 2, 2, 'ESP48'), ('Espadas', 3, 3, 'ESP48'), ('Espadas', 4, 4, 'ESP48'),
        ('Espadas', 5, 5, 'ESP48'), ('Espadas', 6, 6, 'ESP48'), ('Espadas', 7, 7, 'ESP48'), ('Espadas', 8, 0.5, 'ESP48'),
        ('Espadas', 9, 0.5, 'ESP48'), ('Espadas', 10, 0.5, 'ESP48'), ('Espadas', 11, 0.5, 'ESP48'), ('Espadas', 12, 0.5, 'ESP48'),
        ('Bastos', 1, 1, 'ESP48'), ('Bastos', 2, 2, 'ESP48'), ('Bastos', 3, 3, 'ESP48'), ('Bastos', 4, 4, 'ESP48'),
        ('Bastos', 5, 5, 'ESP48'), ('Bastos', 6, 6, 'ESP48'), ('Bastos', 7, 7, 'ESP48'), ('Bastos', 8, 0.5, 'ESP48'),
        ('Bastos', 9, 0.5, 'ESP48'), ('Bastos', 10, 0.5, 'ESP48'), ('Bastos', 11, 0.5, 'ESP48'), ('Bastos', 12, 0.5, 'ESP48'),
        
        ('Oros', 1, 1, 'ESP40'), ('Oros', 2, 2, 'ESP40'), ('Oros', 3, 3, 'ESP40'), ('Oros', 4, 4, 'ESP40'),
        ('Oros', 5, 5, 'ESP40'), ('Oros', 6, 6, 'ESP40'), ('Oros', 7, 7, 'ESP40'), 
        ('Oros', 10, 0.5, 'ESP40'), ('Oros', 11, 0.5, 'ESP40'), ('Oros', 12, 0.5, 'ESP40'),
        ('Copas', 1, 1, 'ESP40'), ('Copas', 2, 2, 'ESP40'), ('Copas', 3, 3, 'ESP40'), ('Copas', 4, 4, 'ESP40'),
        ('Copas', 5, 5, 'ESP40'), ('Copas', 6, 6, 'ESP40'), ('Copas', 7, 7, 'ESP40'),
        ('Copas', 10, 0.5, 'ESP40'), ('Copas', 11, 0.5, 'ESP40'), ('Copas', 12, 0.5, 'ESP40'),
        ('Espadas', 1, 1, 'ESP40'), ('Espadas', 2, 2, 'ESP40'), ('Espadas', 3, 3, 'ESP40'), ('Espadas', 4, 4, 'ESP40'),
        ('Espadas', 5, 5, 'ESP40'), ('Espadas', 6, 6, 'ESP40'), ('Espadas', 7, 7, 'ESP40'),
        ('Espadas', 10, 0.5, 'ESP40'), ('Espadas', 11, 0.5, 'ESP40'), ('Espadas', 12, 0.5, 'ESP40'),
        ('Bastos', 1, 1, 'ESP40'), ('Bastos', 2, 2, 'ESP40'), ('Bastos', 3, 3, 'ESP40'), ('Bastos', 4, 4, 'ESP40'),
        ('Bastos', 5, 5, 'ESP40'), ('Bastos', 6, 6, 'ESP40'), ('Bastos', 7, 7, 'ESP40'),
		('Bastos', 10, 0.5, 'ESP40'), ('Bastos', 11, 0.5, 'ESP40'), ('Bastos', 12, 0.5, 'ESP40'),
        
        ('Diamonds', 1, 1, 'POK'), ('Diamonds', 2, 2, 'POK'), ('Diamonds', 3, 3, 'POK'), ('Diamonds', 4, 4, 'POK'),
        ('Diamonds', 5, 5, 'POK'), ('Diamonds', 6, 6, 'POK'), ('Diamonds', 7, 7, 'POK'),
        ('Diamonds', 8, 0.5, 'POK'), ('Diamonds', 9, 0.5, 'POK'), ('Diamonds', 10, 0.5, 'POK'),
        ('Diamonds', 11, 0.5, 'POK'), ('Diamonds', 12, 0.5, 'POK'), ('Diamonds', 13, 0.5, 'POK'),
        ('Hearts', 1, 1, 'POK'), ('Hearts', 2, 2, 'POK'), ('Hearts', 3, 3, 'POK'), ('Hearts', 4, 4, 'POK'),
        ('Hearts', 5, 5, 'POK'), ('Hearts', 6, 6, 'POK'), ('Hearts', 7, 7, 'POK'), 
        ('Hearts', 8, 0.5, 'POK'), ('Hearts', 9, 0.5, 'POK'), ('Hearts', 10, 0.5, 'POK'), 
        ('Hearts', 11, 0.5, 'POK'), ('Hearts', 12, 0.5, 'POK'), ('Hearts', 13, 0.5, 'POK'),
        ('Spades', 1, 1, 'POK'), ('Spades', 2, 2, 'POK'), ('Spades', 3, 3, 'POK'), ('Spades', 4, 4, 'POK'),
        ('Spades', 5, 5, 'POK'), ('Spades', 6, 6, 'POK'), ('Spades', 7, 7, 'POK'),
        ('Spades', 8, 0.5, 'POK'), ('Spades', 9, 0.5, 'POK'), ('Spades', 10, 0.5, 'POK'), 
        ('Spades', 11, 0.5, 'POK'), ('Spades', 12, 0.5, 'POK'), ('Spades', 13, 0.5, 'POK'),
        ('Clubs', 1, 1, 'POK'), ('Clubs', 2, 2, 'POK'), ('Clubs', 3, 3, 'POK'), ('Clubs', 4, 4, 'POK'),
        ('Clubs', 5, 5, 'POK'), ('Clubs', 6, 6, 'POK'), ('Clubs', 7, 7, 'POK'), 
        ('Clubs', 8, 0.5, 'POK'), ('Clubs', 9, 0.5, 'POK'), ('Clubs', 10, 0.5, 'POK'), 
        ('Clubs', 11, 0.5, 'POK'), ('Clubs', 12, 0.5, 'POK'), ('Clubs', 13, 0.5, 'POK');

INSERT INTO player_game
VALUES  (1, '11115555A'), (1, '22226666B'), (1, '33337777C'), (1, '44448888D'),
		(2, '11115555A'), (2, '22226666B'), (2, '33337777C'),
        (3, '11115555A'), (3, '22226666B'), (3, '44448888D'),
        (4, '11115555A'), (4, '33337777C'), (4, '44448888D'),
        (5, '22226666B'), (5, '33337777C'), (5, '44448888D');

INSERT INTO game
VALUES  (1, '2024-12-15 13:37:55', '2024-12-15 13:44:35', 'ESP40'),
		(2, '2024-12-20 09:15:30', '2024-12-20 09:25:00', 'ESP48'),
        (3, '2024-12-27 16:52:23', '2024-12-27 17:05:23', 'ESP48'),
        (4, '2024-12-29 17:34:09', '2024-12-29 17:44:59', 'POK'),
        (5, '2025-01-06 11:56:06', '2025-01-06 12:01:16', 'ESP40');

/*
Partida 1: 5 Rondas
Partida 2: 6 Rondas
Partida 3: 8 Rondas
Partida 4: 7 Rondas
Partida 5: 3 Rondas
*/

INSERT INTO round_player
VALUES  (1, '11115555A', 1, 20, __, __), (1, '22226666B', 1, 20, __, __), (1, '33337777C', 1, 20, __, __), (1, '44448888D', 1, 20, __, NULL),
		(1, '11115555A', 2, 20, __, __), (1, '22226666B', 2, 20, __, __), (1, '33337777C', 2, 20, __, __), (1, '44448888D', 2, 20, __, __),
        (1, '11115555A', 3, 20, __, __), (1, '22226666B', 3, 20, __, __), (1, '33337777C', 3, 20, __, __), (1, '44448888D', 3, 20, __, __),
        (1, '11115555A', 4, 20, __, __), (1, '22226666B', 4, 20, __, __), (1, '33337777C', 4, 20, __, __), (1, '44448888D', 4, 20, __, __),
        (1, '11115555A', 5, 20, __, __), (1, '22226666B', 5, 20, __, __), (1, '33337777C', 5, 20, __, __), (1, '44448888D', 5, 20, __, __),
        
        (2, '11115555A', 1, 20, __, __), (2, '22226666B', 1, 20, __, __), (2, '33337777C', 1, 20, __, NULL),
        (2, '11115555A', 2, 20, __, __), (2, '22226666B', 2, 20, __, __), (2, '33337777C', 2, 20, __, __),
        (2, '11115555A', 3, 20, __, __), (2, '22226666B', 3, 20, __, __), (2, '33337777C', 3, 20, __, __),
        (2, '11115555A', 4, 20, __, __), (2, '22226666B', 4, 20, __, __), (2, '33337777C', 4, 20, __, __),
        (2, '11115555A', 5, 20, __, __), (2, '22226666B', 5, 20, __, __), (2, '33337777C', 5, 20, __, __),
        (2, '11115555A', 6, 20, __, __), (2, '22226666B', 6, 20, __, __), (2, '33337777C', 6, 20, __, __),
        
        (3, '11115555A', 1, 20, __, __), (3, '22226666B', 1, 20, __, NULL), (3, '44448888D', 1, 20, __, __),
        (3, '11115555A', 2, 20, __, __), (3, '22226666B', 2, 20, __, __), (3, '44448888D', 2, 20, __, __),
        (3, '11115555A', 3, 20, __, __), (3, '22226666B', 3, 20, __, __), (3, '44448888D', 3, 20, __, __),
        (3, '11115555A', 4, 20, __, __), (3, '22226666B', 4, 20, __, __), (3, '44448888D', 4, 20, __, __),
        (3, '11115555A', 5, 20, __, __), (3, '22226666B', 5, 20, __, __), (3, '44448888D', 5, 20, __, __),
        (3, '11115555A', 6, 20, __, __), (3, '22226666B', 6, 20, __, __), (3, '44448888D', 6, 20, __, __),
        (3, '11115555A', 7, 20, __, __), (3, '22226666B', 7, 20, __, __), (3, '44448888D', 7, 20, __, __),
        (3, '11115555A', 8, 20, __, __), (3, '22226666B', 8, 20, __, __), (3, '44448888D', 8, 20, __, __),
        
        (4, '11115555A', 1, 20, __, NULL), (4, '33337777C', 1, 20, __, __), (4, '44448888D', 1, 20, __, __),
        (4, '11115555A', 2, 20, __, __), (4, '33337777C', 2, 20, __, __), (4, '44448888D', 2, 20, __, __),
        (4, '11115555A', 3, 20, __, __), (4, '33337777C', 3, 20, __, __), (4, '44448888D', 3, 20, __, __),
        (4, '11115555A', 4, 20, __, __), (4, '33337777C', 4, 20, __, __), (4, '44448888D', 4, 20, __, __),
        (4, '11115555A', 5, 20, __, __), (4, '33337777C', 5, 20, __, __), (4, '44448888D', 5, 20, __, __),
        (4, '11115555A', 6, 20, __, __), (4, '33337777C', 6, 20, __, __), (4, '44448888D', 6, 20, __, __),
        (4, '11115555A', 7, 20, __, __), (4, '33337777C', 7, 20, __, __), (4, '44448888D', 7, 20, __, __),
        
        (5, '22226666B', 1, 20, __, __), (5, '33337777C', 1, 20, __, __), (5, '44448888D', 1, 20, __, __),
		(5, '22226666B', 2, 20, __, __), (5, '33337777C', 2, 20, __, __), (5, '44448888D', 2, 20, __, __),
		(5, '22226666B', 3, 20, __, __), (5, '33337777C', 3, 20, __, __), (5, '44448888D', 3, 20, __, __),